ACT_AXC;CEN_AXC
e.m.f1;0.0.0.1
e.m.f1;0.0.0.1-3
e.m.f1;0.0.0.1-3-2
e.m.f1;0.0.0.1-3-2.1
e.m.f2;0.0.0.1
e.m.f2;0.0.0.1-3
e.m.f2;0.0.0.1-3-2
e.m.f2;0.0.0.1-3-2.1
e.m.f3;0.0.0.1
e.m.f3;0.0.0.1-3
e.m.f3;0.0.0.1-3-2
e.m.f3;0.0.0.1-3-2.1
e.m.t1;0.0.0.1
e.m.t1;0.0.0.1-3
e.m.t1;0.0.0.1-3-1
e.m.t1;0.0.0.1-3-1.1
e.m.t2;0.0.0.1
e.m.t2;0.0.0.1-3
e.m.t2;0.0.0.1-3-1
e.m.t2;0.0.0.1-3-1.1
e.m.t3;0.0.0.1
e.m.t3;0.0.0.1-3
e.m.t3;0.0.0.1-3-1
e.m.t3;0.0.0.1-3-1.1
m.c.c1;0.0.0.1
m.c.c1;0.0.0.1-1
m.c.c1;0.0.0.1-1-1
m.c.c1;0.0.0.1-1-1.1
m.c.c1;0.0.0.1-1-1.2
m.c.c1;0.0.0.1-1-2
m.c.c1;0.0.0.1-2
m.c.c1;0.0.0.1-2-1
m.c.c1;0.0.0.1-2-1.1
m.c.c1;0.0.0.1-2-1.2
m.c.c1;0.0.0.1-2-1.3
m.c.c1;0.0.0.1-2-1.4
m.c.c1;0.0.0.1-3
m.c.c1;0.0.0.1-3-1
m.c.c1;0.0.0.1-3-1.1
m.c.c1;0.0.0.1-3-2
m.c.c1;0.0.0.1-3-2.1
m.f.m1;0.0.0.1
m.f.m1;0.0.0.1-1
m.f.m1;0.0.0.1-1-2
m.p.c1;0.0.0.1
m.p.c1;0.0.0.1-1
m.p.c1;0.0.0.1-1-1
m.p.c1;0.0.0.1-1-1.1
m.p.c1;0.0.0.1-1-1.2
m.p.c1;0.0.0.1-1-2
m.p.c1;0.0.0.1-2
m.p.c1;0.0.0.1-2-1
m.p.c1;0.0.0.1-2-1.1
m.p.c1;0.0.0.1-2-1.2
m.p.c1;0.0.0.1-2-1.3
m.p.c1;0.0.0.1-2-1.4
m.p.c1;0.0.0.1-3
m.p.c1;0.0.0.1-3-1
m.p.c1;0.0.0.1-3-1.1
m.p.c1;0.0.0.1-3-2
m.p.c1;0.0.0.1-3-2.1
p.t.f1;0.0.0.1
p.t.f1;0.0.0.1-2
p.t.f1;0.0.0.1-2-1
p.t.f1;0.0.0.1-2-1.1
p.t.f10;0.0.0.1
p.t.f10;0.0.0.1-2
p.t.f10;0.0.0.1-2-1
p.t.f10;0.0.0.1-2-1.3
p.t.f11;0.0.0.1
p.t.f11;0.0.0.1-2
p.t.f11;0.0.0.1-2-1
p.t.f11;0.0.0.1-2-1.4
p.t.f12;0.0.0.1
p.t.f12;0.0.0.1-2
p.t.f12;0.0.0.1-2-1
p.t.f12;0.0.0.1-2-1.3
p.t.f13;0.0.0.1
p.t.f13;0.0.0.1-2
p.t.f13;0.0.0.1-2-1
p.t.f13;0.0.0.1-2-1.4
p.t.f14;0.0.0.1
p.t.f14;0.0.0.1-2
p.t.f14;0.0.0.1-2-1
p.t.f14;0.0.0.1-2-1.3
p.t.f15;0.0.0.1
p.t.f15;0.0.0.1-2
p.t.f15;0.0.0.1-2-1
p.t.f15;0.0.0.1-2-1.4
p.t.f16;0.0.0.1
p.t.f16;0.0.0.1-2
p.t.f16;0.0.0.1-2-1
p.t.f16;0.0.0.1-2-1.4
p.t.f17;0.0.0.1
p.t.f17;0.0.0.1-2
p.t.f17;0.0.0.1-2-1
p.t.f17;0.0.0.1-2-1.3
p.t.f18;0.0.0.1
p.t.f18;0.0.0.1-2
p.t.f18;0.0.0.1-2-1
p.t.f18;0.0.0.1-2-1.4
p.t.f19;0.0.0.1
p.t.f19;0.0.0.1-2
p.t.f19;0.0.0.1-2-1
p.t.f19;0.0.0.1-2-1.4
p.t.f2;0.0.0.1
p.t.f2;0.0.0.1-2
p.t.f2;0.0.0.1-2-1
p.t.f2;0.0.0.1-2-1.1
p.t.f20;0.0.0.1
p.t.f20;0.0.0.1-2
p.t.f20;0.0.0.1-2-1
p.t.f20;0.0.0.1-2-1.4
p.t.f21;0.0.0.1
p.t.f21;0.0.0.1-2
p.t.f21;0.0.0.1-2-1
p.t.f21;0.0.0.1-2-1.2
p.t.f22;0.0.0.1
p.t.f22;0.0.0.1-2
p.t.f22;0.0.0.1-2-1
p.t.f22;0.0.0.1-2-1.3
p.t.f23;0.0.0.1
p.t.f23;0.0.0.1-2
p.t.f23;0.0.0.1-2-1
p.t.f23;0.0.0.1-2-1.4
p.t.f24;0.0.0.1
p.t.f24;0.0.0.1-2
p.t.f24;0.0.0.1-2-1
p.t.f24;0.0.0.1-2-1.3
p.t.f3;0.0.0.1
p.t.f3;0.0.0.1-2
p.t.f3;0.0.0.1-2-1
p.t.f3;0.0.0.1-2-1.3
p.t.f4;0.0.0.1
p.t.f4;0.0.0.1-2
p.t.f4;0.0.0.1-2-1
p.t.f4;0.0.0.1-2-1.3
p.t.f5;0.0.0.1
p.t.f5;0.0.0.1-2
p.t.f5;0.0.0.1-2-1
p.t.f5;0.0.0.1-2-1.4
p.t.f6;0.0.0.1
p.t.f6;0.0.0.1-2
p.t.f6;0.0.0.1-2-1
p.t.f6;0.0.0.1-2-1.2
p.t.f7;0.0.0.1
p.t.f7;0.0.0.1-2
p.t.f7;0.0.0.1-2-1
p.t.f7;0.0.0.1-2-1.3
p.t.f8;0.0.0.1
p.t.f8;0.0.0.1-2
p.t.f8;0.0.0.1-2-1
p.t.f8;0.0.0.1-2-1.3
p.t.f9;0.0.0.1
p.t.f9;0.0.0.1-2
p.t.f9;0.0.0.1-2-1
p.t.f9;0.0.0.1-2-1.3